{"v":"5.5.8","fr":24,"ip":0,"op":72,"w":298,"h":304,"nm":"mail-send","ddd":0,"assets":[],"layers":[{"ddd":0,"ind":1,"ty":4,"nm":"Shape Layer 2","sr":1,"ks":{"o":{"a":0,"k":100,"ix":11},"r":{"a":0,"k":0,"ix":10},"p":{"a":0,"k":[151,100.5,0],"ix":2},"a":{"a":0,"k":[0,0,0],"ix":1},"s":{"a":0,"k":[80,80,100],"ix":6}},"ao":0,"shapes":[{"ty":"gr","it":[{"ind":0,"ty":"sh","ix":1,"ks":{"a":0,"k":{"i":[[0,0],[0,0]],"o":[[0,0],[0,0]],"v":[[-1.5,-31.5],[-2,-91]],"c":false},"ix":2},"nm":"Path 1","mn":"ADBE Vector Shape - Group","hd":false},{"ty":"st","c":{"a":0,"k":[0.9607843137254902,0.6509803921568628,0.13725490196078433,1],"ix":3},"o":{"a":0,"k":100,"ix":4},"w":{"a":0,"k":5,"ix":5},"lc":2,"lj":1,"ml":4,"bm":0,"nm":"Stroke 1","mn":"ADBE Vector Graphic - Stroke","hd":false},{"ty":"fl","c":{"a":0,"k":[0.761307181564,0.828914926566,0.866666666667,1],"ix":4},"o":{"a":0,"k":100,"ix":5},"r":1,"bm":0,"nm":"Fill 1","mn":"ADBE Vector Graphic - Fill","hd":false},{"ty":"tr","p":{"a":0,"k":[0,0],"ix":2},"a":{"a":0,"k":[0,0],"ix":1},"s":{"a":0,"k":[100,100],"ix":3},"r":{"a":0,"k":0,"ix":6},"o":{"a":0,"k":100,"ix":7},"sk":{"a":0,"k":0,"ix":4},"sa":{"a":0,"k":0,"ix":5},"nm":"Transform"}],"nm":"Shape 1","np":3,"cix":2,"bm":0,"ix":1,"mn":"ADBE Vector Group","hd":false},{"ty":"rp","c":{"a":0,"k":7,"ix":1},"o":{"a":0,"k":0,"ix":2},"m":1,"ix":2,"tr":{"ty":"tr","p":{"a":0,"k":[0,0],"ix":2},"a":{"a":0,"k":[-1,65],"ix":1},"s":{"a":0,"k":[100,100],"ix":3},"r":{"a":0,"k":206,"ix":4},"so":{"a":0,"k":100,"ix":5},"eo":{"a":0,"k":100,"ix":6},"nm":"Transform"},"nm":"Repeater 1","mn":"ADBE Vector Filter - Repeater","hd":false},{"ty":"tm","s":{"a":1,"k":[{"i":{"x":[0],"y":[1]},"o":{"x":[0.038],"y":[0]},"t":35,"s":[0]},{"t":41,"s":[100]}],"ix":1},"e":{"a":1,"k":[{"i":{"x":[0],"y":[1]},"o":{"x":[0.038],"y":[0]},"t":32,"s":[0]},{"t":38,"s":[100]}],"ix":2},"o":{"a":0,"k":0,"ix":3},"m":1,"ix":3,"nm":"Trim Paths 1","mn":"ADBE Vector Filter - Trim","hd":false}],"ip":-11,"op":229,"st":-11,"bm":0},{"ddd":0,"ind":2,"ty":4,"nm":"mail","sr":1,"ks":{"o":{"a":0,"k":100,"ix":11},"r":{"a":0,"k":0,"ix":10},"p":{"a":0,"k":[150,162,0],"ix":2},"a":{"a":0,"k":[535.5,452,0],"ix":1},"s":{"a":1,"k":[{"i":{"x":[0,0,0.833],"y":[0.272,0.272,-6.619]},"o":{"x":[0.333,0.333,0.333],"y":[0,0,0]},"t":21,"s":[0,0,100]},{"t":25,"s":[60,60,100]}],"ix":6,"x":"var $bm_rt;\nvar n, n, t, t, v, amp, freq, decay;\n$bm_rt = n = 0;\nif (numKeys > 0) {\n    $bm_rt = n = nearestKey(time).index;\n    if (key(n).time > time) {\n        n--;\n    }\n}\nif (n == 0) {\n    $bm_rt = t = 0;\n} else {\n    $bm_rt = t = $bm_sub(time, key(n).time);\n}\nif (n > 0 && t < 1) {\n    v = velocityAtTime($bm_sub(key(n).time, $bm_div(thisComp.frameDuration, 10)));\n    amp = 0.1;\n    freq = 2;\n    decay = 4;\n    $bm_rt = $bm_sum(value, $bm_div($bm_mul($bm_mul(v, amp), Math.sin($bm_mul($bm_mul($bm_mul(freq, t), 2), Math.PI))), Math.exp($bm_mul(decay, t))));\n} else {\n    $bm_rt = value;\n}"}},"ao":0,"shapes":[{"ty":"gr","it":[{"ind":0,"ty":"sh","ix":1,"ks":{"a":0,"k":{"i":[[10.207,0],[0,0],[0,-10.207],[0,0],[-10.207,0],[0,0],[0,10.207],[0,0]],"o":[[0,0],[-10.207,0],[0,0],[0,10.207],[0,0],[10.207,0],[0,0],[0,-10.207]],"v":[[92.519,-71.5],[-92.518,-71.5],[-111,-53.019],[-111,53.019],[-92.518,71.5],[92.519,71.5],[111,53.019],[111,-53.019]],"c":true},"ix":2},"nm":"Path 1","mn":"ADBE Vector Shape - Group","hd":false},{"ind":1,"ty":"sh","ix":2,"ks":{"a":0,"k":{"i":[[0,0],[0,-4.676],[0,0],[4.677,0],[0,0],[0,4.676],[0,0],[-4.677,0]],"o":[[4.677,0],[0,0],[0,4.676],[0,0],[-4.677,0],[0,0],[0,-4.676],[0,0]],"v":[[92.519,-61.5],[101,-53.019],[101,53.019],[92.519,61.5],[-92.518,61.5],[-101,53.019],[-101,-53.019],[-92.518,-61.5]],"c":true},"ix":2},"nm":"Path 2","mn":"ADBE Vector Shape - Group","hd":false},{"ty":"mm","mm":1,"nm":"Merge Paths 1","mn":"ADBE Vector Filter - Merge","hd":false},{"ty":"fl","c":{"a":0,"k":[0.289999988032,0.375999989229,0.596000043084,1],"ix":4},"o":{"a":0,"k":100,"ix":5},"r":1,"bm":0,"nm":"Fill 1","mn":"ADBE Vector Graphic - Fill","hd":false},{"ty":"tr","p":{"a":0,"k":[535.5,452],"ix":2},"a":{"a":0,"k":[0,0],"ix":1},"s":{"a":0,"k":[100,100],"ix":3},"r":{"a":0,"k":0,"ix":6},"o":{"a":0,"k":100,"ix":7},"sk":{"a":0,"k":0,"ix":4},"sa":{"a":0,"k":0,"ix":5},"nm":"Transform"}],"nm":"Group 3","np":4,"cix":2,"bm":0,"ix":1,"mn":"ADBE Vector Group","hd":false},{"ty":"gr","it":[{"ind":0,"ty":"sh","ix":1,"ks":{"a":0,"k":{"i":[[8.573,0],[0,0],[-0.113,-8.653],[0,0],[-4.807,0],[-4.178,2.758],[0,0],[0,0]],"o":[[0,0],[-8.652,0],[0,0],[4.183,2.766],[4.801,0],[0,0],[0,0],[0,-8.574]],"v":[[95.431,-42.017],[-95.318,-42.017],[-110.84,-26.289],[-13.831,37.867],[-0.034,42.017],[13.747,37.879],[110.953,-26.289],[110.953,-26.492]],"c":true},"ix":2},"nm":"Path 1","mn":"ADBE Vector Shape - Group","hd":false},{"ind":1,"ty":"sh","ix":2,"ks":{"a":0,"k":{"i":[[0,0],[-0.988,-0.929],[0,0],[2.95,0],[2.464,1.63],[0,0],[-1.42,0]],"o":[[1.46,0],[0,0],[-2.462,1.625],[-2.954,0],[0,0],[1.028,-0.969],[0,0]],"v":[[95.431,-32.017],[99.208,-30.518],[8.239,29.533],[-0.034,32.017],[-8.315,29.526],[-99.102,-30.517],[-95.318,-32.017]],"c":true},"ix":2},"nm":"Path 2","mn":"ADBE Vector Shape - Group","hd":false},{"ty":"mm","mm":1,"nm":"Merge Paths 1","mn":"ADBE Vector Filter - Merge","hd":false},{"ty":"fl","c":{"a":0,"k":[0.289999988032,0.375999989229,0.596000043084,1],"ix":4},"o":{"a":0,"k":100,"ix":5},"r":1,"bm":0,"nm":"Fill 1","mn":"ADBE Vector Graphic - Fill","hd":false},{"ind":4,"ty":"sh","ix":5,"ks":{"a":0,"k":{"i":[[3.931,0],[3.285,2.173],[0,0],[-1.406,1.423],[-2.837,0],[0,0],[-1.058,-4.691],[0,0]],"o":[[-3.938,0],[0,0],[0.425,-1.902],[1.993,-2.019],[0,0],[5.007,0],[0,0],[-3.28,2.166]],"v":[[-0.032,37.017],[-11.073,33.696],[-105.588,-28.81],[-102.807,-33.885],[-95.318,-37.016],[95.431,-37.016],[105.697,-28.811],[10.992,33.705]],"c":true},"ix":2},"nm":"Path 3","mn":"ADBE Vector Shape - Group","hd":false},{"ty":"fl","c":{"a":0,"k":[0.513999968884,0.788000009574,0.941000007181,1],"ix":4},"o":{"a":0,"k":100,"ix":5},"r":1,"bm":0,"nm":"Fill 2","mn":"ADBE Vector Graphic - Fill","hd":false},{"ty":"tr","p":{"a":0,"k":[533.671,389.392],"ix":2},"a":{"a":0,"k":[-1.875,-33.125],"ix":1},"s":{"a":1,"k":[{"i":{"x":[0.833,0.833],"y":[1,0.833]},"o":{"x":[1,1],"y":[0,0]},"t":25,"s":[100,0]},{"t":33,"s":[100,100]}],"ix":3,"x":"var $bm_rt;\nvar n, n, t, t, v, amp, freq, decay;\n$bm_rt = n = 0;\nif (numKeys > 0) {\n    $bm_rt = n = nearestKey(time).index;\n    if (key(n).time > time) {\n        n--;\n    }\n}\nif (n == 0) {\n    $bm_rt = t = 0;\n} else {\n    $bm_rt = t = $bm_sub(time, key(n).time);\n}\nif (n > 0 && t < 1) {\n    v = velocityAtTime($bm_sub(key(n).time, $bm_div(thisComp.frameDuration, 10)));\n    amp = 0.1;\n    freq = 2;\n    decay = 4;\n    $bm_rt = $bm_sum(value, $bm_div($bm_mul($bm_mul(v, amp), Math.sin($bm_mul($bm_mul($bm_mul(freq, t), 2), Math.PI))), Math.exp($bm_mul(decay, t))));\n} else {\n    $bm_rt = value;\n}"},"r":{"a":0,"k":0,"ix":6},"o":{"a":0,"k":100,"ix":7},"sk":{"a":0,"k":0,"ix":4},"sa":{"a":0,"k":0,"ix":5},"nm":"Transform"}],"nm":"Group 1","np":6,"cix":2,"bm":0,"ix":2,"mn":"ADBE Vector Group","hd":false},{"ty":"gr","it":[{"ind":0,"ty":"sh","ix":1,"ks":{"a":0,"k":{"i":[[-0.112,8.658],[0,0],[-9.133,-6.163],[0,0],[0,0],[8.581,0],[0,0]],"o":[[0,0],[9.132,-6.163],[0,0],[0,0],[0,8.58],[0,0],[-8.659,0]],"v":[[-110.74,27.495],[-15.056,-37.07],[15.168,-37.07],[110.852,27.495],[110.852,27.697],[95.316,43.233],[-95.206,43.233]],"c":true},"ix":2},"nm":"Path 1","mn":"ADBE Vector Shape - Group","hd":false},{"ty":"fl","c":{"a":0,"k":[0.905999995213,0.948999980852,0.969000004787,1],"ix":4},"o":{"a":0,"k":100,"ix":5},"r":1,"bm":0,"nm":"Fill 1","mn":"ADBE Vector Graphic - Fill","hd":false},{"ty":"tr","p":{"a":0,"k":[535.444,480.267],"ix":2},"a":{"a":0,"k":[0,0],"ix":1},"s":{"a":0,"k":[97.046,97.046],"ix":3},"r":{"a":0,"k":0,"ix":6},"o":{"a":0,"k":100,"ix":7},"sk":{"a":0,"k":0,"ix":4},"sa":{"a":0,"k":0,"ix":5},"nm":"Transform"}],"nm":"Group 4","np":2,"cix":2,"bm":0,"ix":3,"mn":"ADBE Vector Group","hd":false},{"ty":"gr","it":[{"ind":0,"ty":"sh","ix":1,"ks":{"a":0,"k":{"i":[[3.931,0],[3.285,2.173],[0,0],[-1.406,1.423],[-2.837,0],[0,0],[-1.058,-4.691],[0,0]],"o":[[-3.938,0],[0,0],[0.425,-1.902],[1.993,-2.019],[0,0],[5.007,0],[0,0],[-3.28,2.166]],"v":[[-0.086,37.016],[-11.128,33.695],[-105.642,-28.811],[-102.862,-33.885],[-95.372,-37.017],[95.376,-37.017],[105.642,-28.812],[10.938,33.704]],"c":true},"ix":2},"nm":"Path 1","mn":"ADBE Vector Shape - Group","hd":false},{"ty":"fl","c":{"a":0,"k":[0.761307181564,0.828914926566,0.866666666667,1],"ix":4},"o":{"a":0,"k":100,"ix":5},"r":1,"bm":0,"nm":"Fill 1","mn":"ADBE Vector Graphic - Fill","hd":false},{"ty":"tr","p":{"a":0,"k":[535.6,422.517],"ix":2},"a":{"a":0,"k":[0,0],"ix":1},"s":{"a":0,"k":[100,100],"ix":3},"r":{"a":0,"k":0,"ix":6},"o":{"a":0,"k":100,"ix":7},"sk":{"a":0,"k":0,"ix":4},"sa":{"a":0,"k":0,"ix":5},"nm":"Transform"}],"nm":"Group 5","np":2,"cix":2,"bm":0,"ix":4,"mn":"ADBE Vector Group","hd":false},{"ty":"gr","it":[{"ty":"rc","d":1,"s":{"a":0,"k":[210.938,131.25],"ix":2},"p":{"a":0,"k":[0,0],"ix":3},"r":{"a":0,"k":20,"ix":4},"nm":"Rectangle Path 1","mn":"ADBE Vector Shape - Rect","hd":false},{"ty":"st","c":{"a":0,"k":[0.666666965859,0.682353001015,0.725489956725,1],"ix":3},"o":{"a":0,"k":100,"ix":4},"w":{"a":0,"k":0,"ix":5},"lc":1,"lj":1,"ml":4,"bm":0,"nm":"Stroke 1","mn":"ADBE Vector Graphic - Stroke","hd":false},{"ty":"fl","c":{"a":0,"k":[1,1,1,1],"ix":4},"o":{"a":0,"k":100,"ix":5},"r":1,"bm":0,"nm":"Fill 1","mn":"ADBE Vector Graphic - Fill","hd":false},{"ty":"tr","p":{"a":0,"k":[535.969,451.062],"ix":2},"a":{"a":0,"k":[0,0],"ix":1},"s":{"a":0,"k":[100,100],"ix":3},"r":{"a":0,"k":0,"ix":6},"o":{"a":0,"k":100,"ix":7},"sk":{"a":0,"k":0,"ix":4},"sa":{"a":0,"k":0,"ix":5},"nm":"Transform"}],"nm":"Rectangle 1","np":3,"cix":2,"bm":0,"ix":5,"mn":"ADBE Vector Group","hd":false}],"ip":-3,"op":237,"st":-3,"bm":0},{"ddd":0,"ind":3,"ty":4,"nm":"send","sr":1,"ks":{"o":{"a":0,"k":100,"ix":11},"r":{"a":0,"k":0,"ix":10},"p":{"a":1,"k":[{"i":{"x":0.667,"y":1},"o":{"x":1,"y":0},"t":0,"s":[143.721,162.929,0],"to":[80.667,-80,0],"ti":[-80.667,80,0]},{"t":12,"s":[627.721,-317.071,0]}],"ix":2},"a":{"a":0,"k":[229.921,451.765,0],"ix":1},"s":{"a":0,"k":[80,80,100],"ix":6}},"ao":0,"shapes":[{"ty":"gr","it":[{"ind":0,"ty":"sh","ix":1,"ks":{"a":0,"k":{"i":[[5.841,0],[1.329,-0.66],[0,0],[-7.405,-2.583],[0,0],[0,0],[-1.967,1.794],[0,0],[0,0],[-0.972,0],[-1.389,3.434],[0,0]],"o":[[-1.299,0],[0,0],[-7.022,3.493],[0,0],[0,0],[0.78,2.547],[0,0],[0,0],[0.967,0.338],[3.515,0],[0,0],[2.5,-6.183]],"v":[[74.783,-73.245],[70.807,-72.287],[-78.445,1.944],[-77.417,18.241],[-54.279,26.313],[-40.958,69.832],[-35.046,71.451],[-5.281,44.313],[26.745,55.522],[29.672,56.022],[37.886,50.481],[82.966,-61.034]],"c":true},"ix":2},"nm":"Path 1","mn":"ADBE Vector Shape - Group","hd":false},{"ind":1,"ty":"sh","ix":2,"ks":{"a":0,"k":{"i":[[0,0],[0,0],[0,0],[1.107,0],[1.871,-1.706],[0,0],[0,0],[3.008,1.05],[0,0]],"o":[[0,0],[0,0],[-1.079,-0.378],[-2.455,0],[0,0],[0,0],[-0.933,-3.047],[0,0],[0,0]],"v":[[72.568,-61.994],[29.022,45.724],[-1.977,34.874],[-5.279,34.313],[-12.018,36.923],[-34.342,57.278],[-44.717,23.386],[-50.986,16.87],[-71.566,9.692]],"c":true},"ix":2},"nm":"Path 2","mn":"ADBE Vector Shape - Group","hd":false},{"ind":2,"ty":"sh","ix":3,"ks":{"a":0,"k":{"i":[[0,0],[0,0]],"o":[[0,0],[0,0]],"v":[[75.261,-63.333],[75.265,-63.333]],"c":true},"ix":2},"nm":"Path 3","mn":"ADBE Vector Shape - Group","hd":false},{"ty":"mm","mm":1,"nm":"Merge Paths 1","mn":"ADBE Vector Filter - Merge","hd":false},{"ty":"fl","c":{"a":0,"k":[0.289999988032,0.375999989229,0.596000043084,1],"ix":4},"o":{"a":0,"k":100,"ix":5},"r":1,"bm":0,"nm":"Fill 1","mn":"ADBE Vector Graphic - Fill","hd":false},{"ty":"tr","p":{"a":0,"k":[229.78,452.187],"ix":2},"a":{"a":0,"k":[0,0],"ix":1},"s":{"a":0,"k":[100,100],"ix":3},"r":{"a":0,"k":0,"ix":6},"o":{"a":0,"k":100,"ix":7},"sk":{"a":0,"k":0,"ix":4},"sa":{"a":0,"k":0,"ix":5},"nm":"Transform"}],"nm":"Group 6","np":5,"cix":2,"bm":0,"ix":1,"mn":"ADBE Vector Group","hd":false},{"ty":"gr","it":[{"ind":0,"ty":"sh","ix":1,"ks":{"a":0,"k":{"i":[[0,0],[0,0],[0,0],[0,0]],"o":[[0,0],[0,0],[0,0],[0,0]],"v":[[-15.591,21.667],[19.834,-11.166],[-8.666,-21.666],[-19.834,21.667]],"c":true},"ix":2},"nm":"Path 1","mn":"ADBE Vector Shape - Group","hd":false},{"ty":"fl","c":{"a":0,"k":[0.638999968884,0.736999990426,0.769000004787,1],"ix":4},"o":{"a":0,"k":100,"ix":5},"r":1,"bm":0,"nm":"Fill 1","mn":"ADBE Vector Graphic - Fill","hd":false},{"ty":"tr","p":{"a":0,"k":[211.666,500.667],"ix":2},"a":{"a":0,"k":[0,0],"ix":1},"s":{"a":0,"k":[100,100],"ix":3},"r":{"a":0,"k":0,"ix":6},"o":{"a":0,"k":100,"ix":7},"sk":{"a":0,"k":0,"ix":4},"sa":{"a":0,"k":0,"ix":5},"nm":"Transform"}],"nm":"Group 7","np":2,"cix":2,"bm":0,"ix":2,"mn":"ADBE Vector Group","hd":false},{"ty":"gr","it":[{"ind":0,"ty":"sh","ix":1,"ks":{"a":0,"k":{"i":[[0,0],[0,0],[1.545,-1.672],[0,0],[0,0],[0.477,1.996]],"o":[[0,0],[1.724,-1.488],[0,0],[0,0],[-0.512,1.988],[0,0]],"v":[[-57.689,10.161],[53.637,-59.486],[56.144,-56.892],[-31.689,18.161],[-42.212,58.987],[-46.032,58.953]],"c":true},"ix":2},"nm":"Path 1","mn":"ADBE Vector Shape - Group","hd":false},{"ty":"fl","c":{"a":0,"k":[0.905999995213,0.948999980852,0.969000004787,1],"ix":4},"o":{"a":0,"k":100,"ix":5},"r":1,"bm":0,"nm":"Fill 1","mn":"ADBE Vector Graphic - Fill","hd":false},{"ty":"tr","p":{"a":0,"k":[234.689,460.839],"ix":2},"a":{"a":0,"k":[0,0],"ix":1},"s":{"a":0,"k":[100,100],"ix":3},"r":{"a":0,"k":0,"ix":6},"o":{"a":0,"k":100,"ix":7},"sk":{"a":0,"k":0,"ix":4},"sa":{"a":0,"k":0,"ix":5},"nm":"Transform"}],"nm":"Group 8","np":2,"cix":2,"bm":0,"ix":3,"mn":"ADBE Vector Group","hd":false},{"ty":"gr","it":[{"ind":0,"ty":"sh","ix":1,"ks":{"a":0,"k":{"i":[[0,0],[1.504,0.525],[0,0],[0.038,0.599],[-2.129,1.059],[0,0],[-0.579,0],[-0.742,-1.1],[0.639,-1.579],[0,0],[1.58,0],[0,0],[0.415,0.145],[0,0],[0.553,0],[0.935,-0.854],[0,0]],"o":[[-0.466,-1.522],[0,0],[-2.245,-0.783],[-0.038,-0.6],[0,0],[0.58,-0.289],[1.24,0],[0.505,0.749],[0,0],[-0.593,1.467],[0,0],[-0.431,0],[0,0],[-0.539,-0.188],[-1.227,0],[0,0],[0,0]],"v":[[-49.79,25.824],[-52.924,22.567],[-76.061,14.496],[-78.641,11.095],[-76.508,7.396],[72.744,-66.834],[74.492,-67.27],[77.705,-65.487],[78.04,-61.933],[32.96,49.582],[29.382,51.996],[29.381,51.996],[28.107,51.778],[-3.919,40.568],[-5.57,40.288],[-8.939,41.594],[-37.102,67.27]],"c":true},"ix":2},"nm":"Path 1","mn":"ADBE Vector Shape - Group","hd":false},{"ty":"fl","c":{"a":0,"k":[1,1,1,1],"ix":4},"o":{"a":0,"k":100,"ix":5},"r":1,"bm":0,"nm":"Fill 1","mn":"ADBE Vector Graphic - Fill","hd":false},{"ty":"tr","p":{"a":0,"k":[230.071,451.212],"ix":2},"a":{"a":0,"k":[0,0],"ix":1},"s":{"a":0,"k":[100,100],"ix":3},"r":{"a":0,"k":0,"ix":6},"o":{"a":0,"k":100,"ix":7},"sk":{"a":0,"k":0,"ix":4},"sa":{"a":0,"k":0,"ix":5},"nm":"Transform"}],"nm":"Group 9","np":2,"cix":2,"bm":0,"ix":4,"mn":"ADBE Vector Group","hd":false}],"ip":0,"op":240,"st":0,"bm":0},{"ddd":0,"ind":4,"ty":4,"nm":"send 2","sr":1,"ks":{"o":{"a":0,"k":100,"ix":11},"r":{"a":0,"k":0,"ix":10},"p":{"a":1,"k":[{"i":{"x":0,"y":1},"o":{"x":0.333,"y":0},"t":15,"s":[-330.279,620.929,0],"to":[79,-76.333,0],"ti":[-79,76.333,0]},{"t":27,"s":[143.721,162.929,0]}],"ix":2},"a":{"a":0,"k":[229.921,451.765,0],"ix":1},"s":{"a":1,"k":[{"i":{"x":[0.728,0.728,0.667],"y":[1,1,1]},"o":{"x":[1,1,0.333],"y":[0,0,0]},"t":21,"s":[80,80,100]},{"t":26,"s":[40,40,100]}],"ix":6}},"ao":0,"shapes":[{"ty":"gr","it":[{"ind":0,"ty":"sh","ix":1,"ks":{"a":0,"k":{"i":[[5.841,0],[1.329,-0.66],[0,0],[-7.405,-2.583],[0,0],[0,0],[-1.967,1.794],[0,0],[0,0],[-0.972,0],[-1.389,3.434],[0,0]],"o":[[-1.299,0],[0,0],[-7.022,3.493],[0,0],[0,0],[0.78,2.547],[0,0],[0,0],[0.967,0.338],[3.515,0],[0,0],[2.5,-6.183]],"v":[[74.783,-73.245],[70.807,-72.287],[-78.445,1.944],[-77.417,18.241],[-54.279,26.313],[-40.958,69.832],[-35.046,71.451],[-5.281,44.313],[26.745,55.522],[29.672,56.022],[37.886,50.481],[82.966,-61.034]],"c":true},"ix":2},"nm":"Path 1","mn":"ADBE Vector Shape - Group","hd":false},{"ind":1,"ty":"sh","ix":2,"ks":{"a":0,"k":{"i":[[0,0],[0,0],[0,0],[1.107,0],[1.871,-1.706],[0,0],[0,0],[3.008,1.05],[0,0]],"o":[[0,0],[0,0],[-1.079,-0.378],[-2.455,0],[0,0],[0,0],[-0.933,-3.047],[0,0],[0,0]],"v":[[72.568,-61.994],[29.022,45.724],[-1.977,34.874],[-5.279,34.313],[-12.018,36.923],[-34.342,57.278],[-44.717,23.386],[-50.986,16.87],[-71.566,9.692]],"c":true},"ix":2},"nm":"Path 2","mn":"ADBE Vector Shape - Group","hd":false},{"ind":2,"ty":"sh","ix":3,"ks":{"a":0,"k":{"i":[[0,0],[0,0]],"o":[[0,0],[0,0]],"v":[[75.261,-63.333],[75.265,-63.333]],"c":true},"ix":2},"nm":"Path 3","mn":"ADBE Vector Shape - Group","hd":false},{"ty":"mm","mm":1,"nm":"Merge Paths 1","mn":"ADBE Vector Filter - Merge","hd":false},{"ty":"fl","c":{"a":0,"k":[0.289999988032,0.375999989229,0.596000043084,1],"ix":4},"o":{"a":0,"k":100,"ix":5},"r":1,"bm":0,"nm":"Fill 1","mn":"ADBE Vector Graphic - Fill","hd":false},{"ty":"tr","p":{"a":0,"k":[229.78,452.187],"ix":2},"a":{"a":0,"k":[0,0],"ix":1},"s":{"a":0,"k":[100,100],"ix":3},"r":{"a":0,"k":0,"ix":6},"o":{"a":0,"k":100,"ix":7},"sk":{"a":0,"k":0,"ix":4},"sa":{"a":0,"k":0,"ix":5},"nm":"Transform"}],"nm":"Group 6","np":5,"cix":2,"bm":0,"ix":1,"mn":"ADBE Vector Group","hd":false},{"ty":"gr","it":[{"ind":0,"ty":"sh","ix":1,"ks":{"a":0,"k":{"i":[[0,0],[0,0],[0,0],[0,0]],"o":[[0,0],[0,0],[0,0],[0,0]],"v":[[-15.591,21.667],[19.834,-11.166],[-8.666,-21.666],[-19.834,21.667]],"c":true},"ix":2},"nm":"Path 1","mn":"ADBE Vector Shape - Group","hd":false},{"ty":"fl","c":{"a":0,"k":[0.638999968884,0.736999990426,0.769000004787,1],"ix":4},"o":{"a":0,"k":100,"ix":5},"r":1,"bm":0,"nm":"Fill 1","mn":"ADBE Vector Graphic - Fill","hd":false},{"ty":"tr","p":{"a":0,"k":[211.666,500.667],"ix":2},"a":{"a":0,"k":[0,0],"ix":1},"s":{"a":0,"k":[100,100],"ix":3},"r":{"a":0,"k":0,"ix":6},"o":{"a":0,"k":100,"ix":7},"sk":{"a":0,"k":0,"ix":4},"sa":{"a":0,"k":0,"ix":5},"nm":"Transform"}],"nm":"Group 7","np":2,"cix":2,"bm":0,"ix":2,"mn":"ADBE Vector Group","hd":false},{"ty":"gr","it":[{"ind":0,"ty":"sh","ix":1,"ks":{"a":0,"k":{"i":[[0,0],[0,0],[1.545,-1.672],[0,0],[0,0],[0.477,1.996]],"o":[[0,0],[1.724,-1.488],[0,0],[0,0],[-0.512,1.988],[0,0]],"v":[[-57.689,10.161],[53.637,-59.486],[56.144,-56.892],[-31.689,18.161],[-42.212,58.987],[-46.032,58.953]],"c":true},"ix":2},"nm":"Path 1","mn":"ADBE Vector Shape - Group","hd":false},{"ty":"fl","c":{"a":0,"k":[0.905999995213,0.948999980852,0.969000004787,1],"ix":4},"o":{"a":0,"k":100,"ix":5},"r":1,"bm":0,"nm":"Fill 1","mn":"ADBE Vector Graphic - Fill","hd":false},{"ty":"tr","p":{"a":0,"k":[234.689,460.839],"ix":2},"a":{"a":0,"k":[0,0],"ix":1},"s":{"a":0,"k":[100,100],"ix":3},"r":{"a":0,"k":0,"ix":6},"o":{"a":0,"k":100,"ix":7},"sk":{"a":0,"k":0,"ix":4},"sa":{"a":0,"k":0,"ix":5},"nm":"Transform"}],"nm":"Group 8","np":2,"cix":2,"bm":0,"ix":3,"mn":"ADBE Vector Group","hd":false},{"ty":"gr","it":[{"ind":0,"ty":"sh","ix":1,"ks":{"a":0,"k":{"i":[[0,0],[1.504,0.525],[0,0],[0.038,0.599],[-2.129,1.059],[0,0],[-0.579,0],[-0.742,-1.1],[0.639,-1.579],[0,0],[1.58,0],[0,0],[0.415,0.145],[0,0],[0.553,0],[0.935,-0.854],[0,0]],"o":[[-0.466,-1.522],[0,0],[-2.245,-0.783],[-0.038,-0.6],[0,0],[0.58,-0.289],[1.24,0],[0.505,0.749],[0,0],[-0.593,1.467],[0,0],[-0.431,0],[0,0],[-0.539,-0.188],[-1.227,0],[0,0],[0,0]],"v":[[-49.79,25.824],[-52.924,22.567],[-76.061,14.496],[-78.641,11.095],[-76.508,7.396],[72.744,-66.834],[74.492,-67.27],[77.705,-65.487],[78.04,-61.933],[32.96,49.582],[29.382,51.996],[29.381,51.996],[28.107,51.778],[-3.919,40.568],[-5.57,40.288],[-8.939,41.594],[-37.102,67.27]],"c":true},"ix":2},"nm":"Path 1","mn":"ADBE Vector Shape - Group","hd":false},{"ty":"fl","c":{"a":0,"k":[1,1,1,1],"ix":4},"o":{"a":0,"k":100,"ix":5},"r":1,"bm":0,"nm":"Fill 1","mn":"ADBE Vector Graphic - Fill","hd":false},{"ty":"tr","p":{"a":0,"k":[230.071,451.212],"ix":2},"a":{"a":0,"k":[0,0],"ix":1},"s":{"a":0,"k":[100,100],"ix":3},"r":{"a":0,"k":0,"ix":6},"o":{"a":0,"k":100,"ix":7},"sk":{"a":0,"k":0,"ix":4},"sa":{"a":0,"k":0,"ix":5},"nm":"Transform"}],"nm":"Group 9","np":2,"cix":2,"bm":0,"ix":4,"mn":"ADBE Vector Group","hd":false}],"ip":15,"op":27,"st":15,"bm":0},{"ddd":0,"ind":5,"ty":4,"nm":"Shape Layer 1","sr":1,"ks":{"o":{"a":0,"k":100,"ix":11},"r":{"a":0,"k":0,"ix":10},"p":{"a":0,"k":[150,152,0],"ix":2},"a":{"a":0,"k":[18,30,0],"ix":1},"s":{"a":0,"k":[100,100,100],"ix":6}},"ao":0,"shapes":[{"ty":"gr","it":[{"ind":0,"ty":"sh","ix":1,"ks":{"a":1,"k":[{"i":{"x":0.833,"y":0.833},"o":{"x":0.167,"y":0.167},"t":6,"s":[{"i":[[-77.32,0],[-24.654,-21.676],[0,-41.912],[77.32,0],[25.56,27.451],[0,36.853]],"o":[[35.408,0],[29.183,25.657],[0,77.32],[-40.466,0],[-23.278,-25],[0,-77.32]],"v":[[0,-140],[92.4,-105.18],[140,0],[0,140],[-102.483,95.381],[-140,0]],"c":true}]},{"i":{"x":0.833,"y":0.833},"o":{"x":0.167,"y":0.167},"t":9,"s":[{"i":[[-77.32,0],[-24.654,-21.676],[0,-41.912],[77.32,0],[25.56,27.451],[0,36.853]],"o":[[35.408,0],[29.183,25.657],[0,77.32],[-40.466,0],[-23.278,-25],[0,-77.32]],"v":[[0,-140],[111.4,-125.18],[140,0],[0,140],[-102.483,95.381],[-140,0]],"c":true}]},{"i":{"x":0.833,"y":0.833},"o":{"x":0.167,"y":0.167},"t":12,"s":[{"i":[[-77.32,0],[-24.654,-21.676],[0,-41.912],[77.32,0],[25.56,27.451],[0,36.853]],"o":[[35.408,0],[29.183,25.657],[0,77.32],[-40.466,0],[-23.278,-25],[0,-77.32]],"v":[[0,-140],[79.4,-91.18],[140,0],[0,140],[-102.483,95.381],[-140,0]],"c":true}]},{"i":{"x":0.833,"y":0.833},"o":{"x":0.167,"y":0.167},"t":15,"s":[{"i":[[-77.32,0],[-24.654,-21.676],[0,-41.912],[77.32,0],[25.56,27.451],[0,36.853]],"o":[[35.408,0],[29.183,25.657],[0,77.32],[-40.466,0],[-23.278,-25],[0,-77.32]],"v":[[0,-140],[102.4,-112.18],[140,0],[0,140],[-102.483,95.381],[-140,0]],"c":true}]},{"i":{"x":0.833,"y":0.833},"o":{"x":0.167,"y":0.167},"t":18,"s":[{"i":[[-77.32,0],[-24.654,-21.676],[0,-41.912],[77.32,0],[25.56,27.451],[0,36.853]],"o":[[35.408,0],[29.183,25.657],[0,77.32],[-40.466,0],[-23.278,-25],[0,-77.32]],"v":[[0,-140],[92.4,-105.18],[140,0],[0,140],[-102.483,95.381],[-140,0]],"c":true}]},{"i":{"x":0.833,"y":0.833},"o":{"x":0.167,"y":0.167},"t":20,"s":[{"i":[[-77.32,0],[-24.654,-21.676],[0,-41.912],[77.32,0],[25.56,27.451],[0,36.853]],"o":[[35.408,0],[29.183,25.657],[0,77.32],[-40.466,0],[-23.278,-25],[0,-77.32]],"v":[[0,-140],[92.4,-105.18],[140,0],[0,140],[-89.483,87.381],[-140,0]],"c":true}]},{"i":{"x":0.833,"y":0.833},"o":{"x":0.167,"y":0.167},"t":23,"s":[{"i":[[-77.32,0],[-24.654,-21.676],[0,-41.912],[77.32,0],[25.56,27.451],[0,36.853]],"o":[[35.408,0],[29.183,25.657],[0,77.32],[-40.466,0],[-23.278,-25],[0,-77.32]],"v":[[0,-140],[92.4,-105.18],[140,0],[0,140],[-116.483,114.381],[-140,0]],"c":true}]},{"i":{"x":0.833,"y":0.833},"o":{"x":0.167,"y":0.167},"t":26,"s":[{"i":[[-77.32,0],[-24.654,-21.676],[0,-41.912],[77.32,0],[25.56,27.451],[0,36.853]],"o":[[35.408,0],[29.183,25.657],[0,77.32],[-40.466,0],[-23.278,-25],[0,-77.32]],"v":[[0,-140],[92.4,-105.18],[140,0],[0,140],[-95.483,86.381],[-140,0]],"c":true}]},{"t":29,"s":[{"i":[[-77.32,0],[-24.654,-21.676],[0,-41.912],[77.32,0],[25.56,27.451],[0,36.853]],"o":[[35.408,0],[29.183,25.657],[0,77.32],[-40.466,0],[-23.278,-25],[0,-77.32]],"v":[[0,-140],[92.4,-105.18],[140,0],[0,140],[-102.483,95.381],[-140,0]],"c":true}]}],"ix":2},"nm":"Path 1","mn":"ADBE Vector Shape - Group","hd":false},{"ty":"st","c":{"a":0,"k":[0.666666965859,0.682353001015,0.725489956725,1],"ix":3},"o":{"a":0,"k":100,"ix":4},"w":{"a":0,"k":0,"ix":5},"lc":1,"lj":1,"ml":4,"bm":0,"nm":"Stroke 1","mn":"ADBE Vector Graphic - Stroke","hd":false},{"ty":"fl","c":{"a":0,"k":[1,1,1,1],"ix":4},"o":{"a":0,"k":100,"ix":5},"r":1,"bm":0,"nm":"Fill 1","mn":"ADBE Vector Graphic - Fill","hd":false},{"ty":"tr","p":{"a":0,"k":[18,30],"ix":2},"a":{"a":0,"k":[0,0],"ix":1},"s":{"a":0,"k":[100,100],"ix":3},"r":{"a":0,"k":0,"ix":6},"o":{"a":0,"k":100,"ix":7},"sk":{"a":0,"k":0,"ix":4},"sa":{"a":0,"k":0,"ix":5},"nm":"Transform"}],"nm":"Ellipse 1","np":3,"cix":2,"bm":0,"ix":1,"mn":"ADBE Vector Group","hd":false}],"ip":0,"op":240,"st":0,"bm":0}],"markers":[]}