{
  "project_info": {
    "project_number": "803250415254",
    "firebase_url": "https://krishimitra-0-default-rtdb.firebaseio.com",
    "project_id": "krishimitra-0",
    "storage_bucket": "krishimitra-0.appspot.com"
  },
  "client": [
    {
      "client_info": {
        "mobilesdk_app_id": "1:803250415254:android:dc3cb632c8a9eb3884c4b7",
        "android_client_info": {
          "package_name": "com.example.krishimitra"
        }
      },
      "oauth_client": [
        {
          "client_id": "803250415254-ku1cnt5umk1oi9a8g56tuhcfqc73uol6.apps.googleusercontent.com",
          "client_type": 1,
          "android_info": {
            "package_name": "com.example.krishimitra",
            "certificate_hash": "3493c9004ebcf654fe5afd38dad7174ae8a1a0f0"
          }
        },
        {
          "client_id": "803250415254-roktv96du5s2ij2co9t9rjkd48mfo4c0.apps.googleusercontent.com",
          "client_type": 3
        }
      ],
      "api_key": [
        {
          "current_key": "AIzaSyDruUALbahVglNJ8-u9zW4Ywxu0xqi4MeE"
        }
      ],
      "services": {
        "appinvite_service": {
          "other_platform_oauth_client": [
            {
              "client_id": "803250415254-1lme2d9mlna24idaarnl1hb1ahciupfe.apps.googleusercontent.com",
              "client_type": 3
            }
          ]
        }
      }
    }
  ],
  "configuration_version": "1"
}